calendar_day,normal_max_temp_c,p90_max_temp_c,p97_5_max_temp_c
1,22.535333333333337,25.561,27.65775
2,22.474777777777778,25.465000000000003,27.64775
3,22.452133333333336,25.442,27.612999999999996
4,22.437755555555558,25.351000000000003,27.4975
5,22.431400000000004,25.46,27.612999999999996
6,22.391222222222222,25.46,27.64
7,22.42482222222222,25.46,27.64775
8,22.491222222222223,25.463,27.64
9,22.51342222222222,25.541999999999998,27.612999999999996
10,22.509244444444445,25.563,27.447999999999993
11,22.535800000000002,25.591,27.19775
12,22.5652,25.591,27.424749999999992
13,22.58406666666666,25.591,27.424749999999992
14,22.604177777777775,25.6,27.671
15,22.64688888888889,25.638,27.671
16,22.71151111111111,25.638,27.606249999999996
17,22.784866666666662,25.802,27.69425
18,22.887088888888886,25.92,27.934999999999995
19,23.033711111111106,26.092,28.777999999999995
20,23.159355555555553,26.321,29.22075
21,23.260111111111115,26.48,29.537499999999998
22,23.339355555555557,26.506,29.6355
23,23.456488888888885,26.844,29.778499999999998
24,23.577688888888886,27.020000000000003,29.8565
25,23.7166,27.191000000000003,29.95525
26,23.872511111111113,27.471999999999998,29.95525
27,24.0528,27.564,29.95525
28,24.255044444444444,27.731,29.941749999999995
29,24.43764444444444,27.902,30.212999999999997
30,24.64611111111111,28.242,30.356249999999996
31,24.836555555555556,28.551000000000002,30.546249999999993
32,24.962155555555558,28.773,30.611
33,25.038933333333333,29.001,30.730749999999997
34,25.05077777777778,29.011000000000003,30.62775
35,25.08062222222222,29.05,30.753999999999994
36,25.21828888888889,29.221999999999998,30.97325
37,25.346244444444448,29.277,31.088499999999996
38,25.447022222222223,29.471000000000004,31.20975
39,25.5608,29.471000000000004,31.20975
40,25.69815555555556,29.609,32.763
41,25.818933333333334,29.8,33.04624999999999
42,25.900955555555555,29.842,33.08
43,25.980733333333333,30.022,33.11875
44,26.121555555555556,30.088,33.354749999999996
45,26.23182222222222,30.31,33.42775
46,26.372622222222223,30.451,33.484249999999996
47,26.5314,30.736,33.531
48,26.72222222222222,30.953,33.54
49,26.923044444444443,31.016000000000002,33.5555
50,27.12337777777778,31.17,33.676249999999996
51,27.301733333333335,31.36,34.09099999999999
52,27.478200000000005,31.522,34.329499999999996
53,27.628056206088992,31.656000000000002,34.498999999999995
54,27.868032786885248,32.048,34.80749999999999
55,28.07224824355972,32.37800000000001,34.9735
56,28.334262295081967,32.674,35.037
57,28.601615925058546,33.018,35.088
58,28.863559718969555,33.246,35.14
59,29.11730679156909,33.508,35.2675
60,29.38206088992974,33.903999999999996,35.547999999999995
61,29.60613583138173,34.098,35.7405
62,29.87288056206089,34.114,35.55849999999999
63,30.130163934426232,34.394,35.55849999999999
64,30.42782201405152,34.534,35.7635
65,30.675995316159256,34.658,36.051
66,30.9004449648712,34.964,36.097
67,31.094121779859485,34.994,36.138
68,31.1864,35.07,36.26325
69,31.4392,35.253,36.795249999999996
70,31.7304,35.467000000000006,37.23325
71,31.999466666666663,35.973,37.59524999999999
72,32.2746,36.111,38.07975
73,32.522,36.352000000000004,38.67199999999999
74,32.714844444444445,36.474,38.882999999999996
75,32.89988888888889,36.645,39.0155
76,33.123022222222225,36.965,39.44875
77,33.33011111111111,37.213,39.59175
78,33.50428888888889,37.351,39.846999999999994
79,33.67991111111111,37.463,39.9255
80,33.88886666666667,37.64000000000001,40.14699999999999
81,34.141866666666665,37.931,40.2565
82,34.41535555555556,38.291,40.4755
83,34.6516,38.61000000000001,40.5655
84,34.84142222222223,38.892,40.65775
85,34.99291111111111,39.033,40.77625
86,35.14222222222222,39.268,40.934
87,35.28031111111111,39.541,40.958749999999995
88,35.43346666666667,39.643,40.958749999999995
89,35.61944444444445,39.74,40.89525
90,35.83931111111111,39.923,40.958749999999995
91,36.04628888888888,40.031,41.242
92,36.27857777777778,40.192,41.571
93,36.52422222222223,40.354,41.716499999999996
94,36.733377777777775,40.571,42.045249999999996
95,36.97615555555555,40.793,42.47425
96,37.18664444444445,40.97,42.71
97,37.409155555555564,41.294,42.7355
98,37.60075555555556,41.455000000000005,42.8
99,37.809333333333335,41.553,42.92
100,38.03431111111111,41.849000000000004,43.110749999999996
101,38.20848888888889,42.09,43.19775
102,38.400977777777776,42.148,43.373
103,38.63024444444444,42.402,43.61699999999999
104,38.87571111111111,42.554,43.91325
105,39.07668888888889,42.743,43.9855
106,39.27815555555555,42.833,44.0365
107,39.456488888888885,42.971,44.103249999999996
108,39.64866666666667,43.012,44.22624999999999
109,39.89935555555555,43.13,44.388749999999995
110,40.11044444444445,43.172000000000004,44.5955
111,40.290644444444446,43.366,44.638749999999995
112,40.50011111111111,43.643,44.66775
113,40.71031111111112,43.836,44.90775
114,40.933755555555564,44.080999999999996,45.0855
115,41.10231111111111,44.251,45.21975
116,41.282799999999995,44.332,45.2865
117,41.434333333333335,44.4,45.488249999999994
118,41.52704444444444,44.531,45.533249999999995
119,41.64384444444444,44.660999999999994,45.72775
120,41.76173333333333,44.811,45.9655
121,41.832,44.9,45.97775
122,41.93557777777777,44.910999999999994,46.08875
123,42.023155555555554,45.043,46.146499999999996
124,42.078399999999995,45.153999999999996,46.18
125,42.13955555555556,45.230999999999995,46.2555
126,42.21975555555555,45.342000000000006,46.317750000000004
127,42.26844444444445,45.522000000000006,46.5765
128,42.34897777777778,45.604,46.646499999999996
129,42.40802222222222,45.72,46.78075
130,42.520022222222224,45.721,46.83325
131,42.63426666666666,45.823,47.021
132,42.76553333333334,45.895,47.0765
133,42.900955555555555,46.057,47.11325
134,42.971399999999996,46.093,47.174249999999994
135,43.02808888888889,46.093,47.178749999999994
136,43.13562222222222,46.230999999999995,47.3675
137,43.21666666666667,46.432,47.39
138,43.31635555555556,46.503,47.441
139,43.413399999999996,46.601,47.4655
140,43.49088888888889,46.601,47.5155
141,43.546400000000006,46.61,47.5665
142,43.60217777777778,46.611,47.641999999999996
143,43.64451111111111,46.620999999999995,47.641999999999996
144,43.66228888888889,46.620999999999995,47.77524999999999
145,43.66553333333333,46.642,47.848749999999995
146,43.63744444444444,46.673,47.8555
147,43.628688888888895,46.85,47.8555
148,43.6098,46.962,47.8555
149,43.64233333333333,47.044,47.9065
150,43.70124444444444,46.995000000000005,47.92775
151,43.729311111111116,46.980999999999995,47.92775
152,43.714000000000006,47.022000000000006,47.96874999999999
153,43.662400000000005,47.085,48.031
154,43.63302222222222,47.085,48.08775
155,43.60995555555555,47.085,48.081
156,43.5666,47.08,48.081
157,43.53282222222222,47.04,48.04775
158,43.49028888888889,47.022000000000006,47.9955
159,43.47284444444444,47.002,47.9865
160,43.43511111111112,46.980999999999995,47.9865
161,43.40673333333333,46.980999999999995,47.9865
162,43.328399999999995,46.883,47.9865
163,43.27304444444445,46.812000000000005,47.9865
164,43.14535555555556,46.800999999999995,47.93775
165,43.023133333333334,46.782000000000004,48.031
166,42.9322,46.782000000000004,48.031
167,42.91224444444445,46.725,48.06975
168,42.85815555555555,46.662,47.91974999999999
169,42.73677777777778,46.556,47.751
170,42.58573333333334,46.402,47.704249999999995
171,42.45753333333333,46.342000000000006,47.57875
172,42.30004444444445,46.304,47.54
173,42.15328888888889,46.213,47.54
174,41.95037777777778,46.1,47.54
175,41.75326666666667,45.995000000000005,47.501749999999994
176,41.62502222222223,45.940999999999995,47.28075
177,41.52491111111111,45.814,47.28075
178,41.37497777777777,45.711,47.28075
179,41.24328888888888,45.572,47.17775
180,41.07826666666667,45.482,46.90875
181,40.90608888888888,45.286,46.83
182,40.65440000000001,45.111,46.655499999999996
183,40.44744444444445,44.933,46.580499999999994
184,40.257533333333335,44.704,46.405499999999996
185,40.092933333333335,44.65,46.3405
186,39.89702222222222,44.577000000000005,46.1655
187,39.696244444444446,44.51,46.07875
188,39.465066666666665,44.34,45.92
189,39.2772,44.3,45.8155
190,39.08133333333333,44.251,45.72325
191,38.83677777777778,44.120999999999995,45.592999999999996
192,38.58848888888889,44.015,45.482
193,38.39811111111111,43.832,45.3585
194,38.20135555555556,43.775000000000006,45.1255
195,38.00042222222223,43.688,45.1255
196,37.76537777777777,43.501,45.12325
197,37.570044444444434,43.18,45.223
198,37.38737777777778,43.065000000000005,45.12325
199,37.219022222222215,42.596000000000004,45.12325
200,37.06086666666666,42.217000000000006,44.881
201,36.912577777777784,41.98,44.56525
202,36.76746666666667,41.9,44.466499999999996
203,36.61904444444444,41.642,44.35699999999999
204,36.49357777777778,41.622,44.35699999999999
205,36.39324444444444,41.351,44.131
206,36.31066666666666,41.332,44.067750000000004
207,36.208933333333334,40.85900000000001,44.067750000000004
208,36.05451111111111,40.580000000000005,44.061
209,35.91702222222222,40.496,43.88974999999999
210,35.76773333333333,40.365,43.8155
211,35.6622,40.305,43.768499999999996
212,35.55608888888889,40.022000000000006,43.65775
213,35.45731111111111,39.955000000000005,43.56674999999999
214,35.36017777777778,39.955000000000005,43.28
215,35.27460000000001,40.005,43.2305
216,35.2078,40.0,43.56674999999999
217,35.15853333333333,39.893,43.574499999999986
218,35.105244444444445,39.693999999999996,43.768499999999996
219,35.03131111111111,39.579,43.2305
220,34.92608888888889,39.534,42.88974999999999
221,34.80277777777778,39.512,42.7765
222,34.71373333333334,39.512,42.384249999999994
223,34.68682222222222,39.429,42.33
224,34.692822222222226,39.293,42.3165
225,34.64324444444444,39.196,42.19125
226,34.61568888888889,39.25,42.19125
227,34.593177777777775,39.25,41.773749999999986
228,34.55428888888889,39.118,41.50249999999999
229,34.51386666666667,38.971,41.26325
230,34.4648,38.776,41.1585
231,34.3954,38.660999999999994,41.02524999999999
232,34.325044444444444,38.660999999999994,40.931
233,34.306688888888885,38.68000000000001,40.931
234,34.28442222222222,38.774,40.82574999999999
235,34.269244444444446,38.812000000000005,40.82574999999999
236,34.26082222222222,38.812000000000005,40.82574999999999
237,34.28026666666666,38.812000000000005,40.63974999999999
238,34.25842222222222,38.815000000000005,40.59325
239,34.20153333333333,38.864,40.5655
240,34.22771111111111,38.953,40.51174999999999
241,34.18877777777778,38.914,40.3575
242,34.1558,38.900999999999996,40.262
243,34.111422222222224,38.74700000000001,40.10775
244,34.0478,38.67,40.10775
245,34.026466666666664,38.660999999999994,40.1
246,34.02546666666667,38.603,40.1
247,34.00006666666667,38.537000000000006,40.1
248,33.942933333333336,38.434,40.06075
249,33.876000000000005,38.277,39.926249999999996
250,33.858133333333335,38.215,39.80775
251,33.84168888888888,38.106,39.79775
252,33.781866666666666,38.082,39.79775
253,33.717666666666666,38.106,39.7675
254,33.6842,38.106,39.683249999999994
255,33.65893333333334,38.106,39.64425
256,33.67102222222222,38.106,39.6755
257,33.67057777777778,38.172000000000004,39.6755
258,33.681244444444445,38.21,39.6755
259,33.70724444444444,38.363,39.66775
260,33.68386666666667,38.252,39.637750000000004
261,33.63984444444444,38.252,39.637750000000004
262,33.653866666666666,38.252,39.637750000000004
263,33.68624444444445,38.27,39.637750000000004
264,33.73446666666667,38.27,39.655499999999996
265,33.76326666666667,38.263,39.655499999999996
266,33.785111111111114,38.242000000000004,39.637750000000004
267,33.812266666666666,38.195,39.62325
268,33.852244444444445,38.160999999999994,39.62325
269,33.869955555555556,38.115,39.62325
270,33.876977777777775,38.064,39.58875
271,33.85371111111111,38.042,39.4865
272,33.837022222222224,37.884,39.4265
273,33.81057777777777,37.741,39.191
274,33.79295555555556,37.664,39.1365
275,33.80177777777778,37.63,39.024
276,33.83797777777778,37.63,38.8685
277,33.836644444444445,37.554,38.738749999999996
278,33.79262222222222,37.494,38.6295
279,33.739222222222224,37.410999999999994,38.457750000000004
280,33.674622222222226,37.361,38.3475
281,33.59664444444444,37.312000000000005,38.25425
282,33.52768888888889,37.3,38.19325
283,33.42704444444445,37.272000000000006,38.12
284,33.3528,37.260999999999996,38.08325
285,33.248866666666665,37.21,37.94775
286,33.1806,37.162,37.893249999999995
287,33.08891111111111,37.054,37.84524999999999
288,33.01328888888889,36.926,37.7455
289,32.931422222222224,36.755,37.6055
290,32.800066666666666,36.394,37.55
291,32.659822222222225,36.107000000000006,37.391999999999996
292,32.51526666666666,35.797000000000004,37.31325
293,32.42591111111111,35.586,37.211
294,32.321822222222224,35.323,37.05775
295,32.220800000000004,35.142,36.98524999999999
296,32.141777777777776,34.865,36.78724999999999
297,32.04991111111111,34.730999999999995,36.631
298,31.9858,34.73,36.631
299,31.882377777777776,34.650999999999996,36.59325
300,31.814066666666662,34.631,36.59325
301,31.70722222222222,34.61,36.46075
302,31.621,34.400000000000006,36.3015
303,31.512844444444443,34.281,36.07975
304,31.401288888888892,34.24,36.0055
305,31.304266666666667,34.181,35.74
306,31.194844444444442,34.101,35.708749999999995
307,31.099111111111107,34.034,35.622749999999996
308,30.972644444444445,33.823,35.39249999999999
309,30.84648888888889,33.53,35.09024999999999
310,30.698422222222224,33.356,34.790749999999996
311,30.530866666666665,33.212,34.594249999999995
312,30.36888888888889,33.160999999999994,34.311
313,30.216711111111113,33.083,34.16325
314,30.088288888888886,33.003,34.033249999999995
315,29.936999999999998,32.95,33.95374999999999
316,29.803711111111113,32.68,33.6885
317,29.650355555555556,32.367000000000004,33.53
318,29.476444444444443,31.995,33.527750000000005
319,29.300555555555555,31.778000000000002,33.29775
320,29.14313333333333,31.684,33.13
321,28.98662222222222,31.554000000000002,33.0965
322,28.77284444444444,31.34,33.021
323,28.588733333333334,31.085,32.957750000000004
324,28.408200000000004,30.91,32.70325
325,28.232511111111112,30.74,32.58325
326,28.08188888888889,30.612,31.98
327,27.934555555555555,30.461000000000002,31.64325
328,27.75091111111111,30.253,31.4755
329,27.52846666666667,30.003,31.294249999999998
330,27.344111111111108,29.86,30.96425
331,27.173555555555556,29.662,30.66875
332,27.019755555555555,29.512,30.49
333,26.90706666666667,29.432,30.44875
334,26.79688888888889,29.371000000000002,30.27875
335,26.675022222222218,29.115000000000002,30.08425
336,26.570155555555555,29.031000000000002,29.9855
337,26.477844444444443,29.001,29.8
338,26.311577777777774,28.861,29.791
339,26.14382222222222,28.79,29.751
340,26.005266666666664,28.654,29.711
341,25.860755555555553,28.403,29.61
342,25.690422222222224,28.274,29.52875
343,25.55206666666667,28.153,29.4855
344,25.45042222222222,28.008000000000003,29.43775
345,25.335266666666666,27.895000000000003,29.286249999999995
346,25.200733333333332,27.763,29.03775
347,25.026177777777775,27.575000000000003,28.852
348,24.84988888888889,27.414,28.69425
349,24.67351111111111,27.34,28.53875
350,24.513511111111107,27.254,28.1755
351,24.31308888888889,26.982,27.941
352,24.155755555555555,26.82,27.87875
353,24.0546,26.81,27.83775
354,23.948666666666664,26.774,27.892
355,23.82611111111111,26.655,27.941
356,23.708155555555557,26.613,27.941
357,23.624844444444445,26.478,27.941
358,23.505444444444446,26.401,27.892
359,23.33804444444445,26.31,27.825499999999998
360,23.18155555555556,26.261000000000003,27.801
361,23.04928888888889,26.001,27.74525
362,22.9332,25.937,27.74525
363,22.826666666666668,25.842,27.65775
364,22.74795555555556,25.642,27.6355
365,22.659,25.591,27.6355
366,22.60408888888889,25.57,27.6355
